"day","dev","stage"
1,"26.625603085737797",1
2,"42.90372012961609",2
3,"28.33415518070554",1
4,"10.040265424224568",0
5,"11.491443270437724",0
6,"25.89409566451782",1
7,"69.39568415502966",3
8,"49.90074434648018",2
9,"43.39405479114227",2
10,"38.83494862647127",1
11,"62.42255836138219",2
12,"18.961595332046574",1
13,"100",3
14,"24.49544332765388",1
15,"25.382874133756548",1
16,"38.633578672916215",1
17,"36.115604472416706",1
18,"57.62907153244623",2
19,"51.49816758086503",2

