"day","dev","stage"

1,"29.683186142263967","1"
2,"66.34230617714542","3"
3,"51.60970757321652","2"
4,"40.286697198883935","2"
5,"35.74713320203298","1"
6,"37.42403377668061","1"
7,"17.10368693829824","0"
8,"15.344355796702796","0"
9,"23.131772305706264","0"
10,"65.56767927310551","3"

